file,function,hard_coded_assumption,why_dataset_specific,replacement_yaml_or_capability,correction_implemented
ppg_eeg/confirmatory/config.py,_load_dataset_cardiac,"Default cardiac detector switches to PPG only for hiit","Dataset modality should be declarative, not inferred from dataset name","datasets/<id>.yaml cardiac + capabilities.cardiac_modality","Removed dataset-name branch; all defaults now come from YAML/config fields"
ppg_eeg/datasets/__init__.py,build_observations,"Only hiit receives hiit_partition_mode","Partitioning policy is adapter capability, not dataset-name behavior","protocol.hiit_partition_mode","Switched to signature-driven capability check for adapters"
ppg_eeg/confirmatory/protocol_audit.py,_participant_id,"Participant id parsed from hiit observation-id token","Participant resolution differs across datasets and must be explicit","protocol.participant_id_from + normalized participant_id field","Participant/session ids now populated in normalized observations and consumed first"
ppg_eeg/confirmatory/protocol_audit.py,observations_from_dataset_config,"No normalized semantics persisted on observations","Shared stages inferred semantics from string tokens","normalization.condition_semantics + capabilities","Added contract-based normalization (state/time/session/modality/event) to observation records"
ppg_eeg/confirmatory/figures.py,_panel_b_parse_state_period,"State/period/session derived from rest/tetris/pre/post/_ph_/_ps_ substrings","Condition labels vary by dataset","protocol-based condition semantics","Panel B now resolves state/time/session via condition_semantics_for(dataset,condition)"
ppg_eeg/confirmatory/figures.py,_is_low_demand_condition,"Low-demand status checked against static HIIT-inclusive constant set","Demand labels are dataset-specific","normalization.condition_semantics or protocol low/high mapping","Low-demand checks now use dataset-aware condition semantics first"
ppg_eeg/confirmatory/nulls.py,_surrogate_rows_for_unit,"Surrogate rows infer rest/tetris and pre/post from condition substrings","Null metadata should follow normalized semantics","normalization.condition_semantics","Surrogate exports now use dataset-aware condition semantics"
ppg_eeg/confirmatory/panel_f_topography_gamma.py,_infer_state,"Topography state assignment hard-coded to rest/tetris string parsing","Panel F should remain dataset-capable and avoid HIIT label assumptions","normalization.condition_semantics + capabilities.supports_topography","State inference now routes through dataset semantics helper"
ppg_eeg/confirmatory/run.py,main,"No pre-run YAML/data capability validation report","Invalid config and scientific NC need distinct handling","config validator + capabilities","Added configuration validation pass + written report + early STOP on configuration errors"
